{
    "fidelities": {
        "10": [
            0.8770831028154402,
            0.8338445929403213,
            0.7905983632278181,
            0.7473444267420335,
            0.704082798668655,
            0.6608134658085115,
            0.6175364261031095,
            0.5742516869886404,
            0.5309592179189193,
            0.48765905150685196
        ],
        "15": [
            0.8770831028154402,
            0.8338445929403213,
            0.7905983632278181,
            0.7473444267420335,
            0.704082798668655,
            0.6608134658085115,
            0.6175364261031095,
            0.5742516869886404,
            0.5309592179189193,
            0.48765905150685196
        ],
        "20": [
            0.8770831028154402,
            0.8338445929403213,
            0.7905983632278181,
            0.7473444267420335,
            0.704082798668655,
            0.6608134658085115,
            0.6175364261031095,
            0.5742516869886404,
            0.5309592179189193,
            0.48765905150685196
        ],
        "25": [
            0.8770831028154402,
            0.8338445929403213,
            0.7905983632278181,
            0.7473444267420335,
            0.704082798668655,
            0.6608134658085115,
            0.6175364261031095,
            0.5742516869886404,
            0.5309592179189193,
            0.48765905150685196
        ],
        "30": [
            0.8770831028154402,
            0.8338445929403213,
            0.7905983632278181,
            0.7473444267420335,
            0.704082798668655,
            0.6608134658085115,
            0.6175364261031095,
            0.5742516869886404,
            0.5309592179189193,
            0.48765905150685196
        ],
        "35": [
            0.8770831028154402,
            0.8338445929403213,
            0.7905983632278181,
            0.7473444267420335,
            0.704082798668655,
            0.6608134658085115,
            0.6175364261031095,
            0.5742516869886404,
            0.5309592179189193,
            0.48765905150685196
        ],
        "40": [
            0.8770831028154402,
            0.8338445929403213,
            0.7905983632278181,
            0.7473444267420335,
            0.704082798668655,
            0.6608134658085115,
            0.6175364261031095,
            0.5742516869886404,
            0.5309592179189193,
            0.48765905150685196
        ],
        "45": [
            0.8770831028154402,
            0.8338445929403213,
            0.7905983632278181,
            0.7473444267420335,
            0.704082798668655,
            0.6608134658085115,
            0.6175364261031095,
            0.5742516869886404,
            0.5309592179189193,
            0.48765905150685196
        ],
        "5": [
            0.8770831028154402,
            0.8338445929403213,
            0.7905983632278181,
            0.7473444267420335,
            0.704082798668655,
            0.6608134658085115,
            0.6175364261031095,
            0.5742516869886404,
            0.5309592179189193,
            0.48765905150685196
        ],
        "50": [
            0.8770831028154402,
            0.8338445929403213,
            0.7905983632278181,
            0.7473444267420335,
            0.704082798668655,
            0.6608134658085115,
            0.6175364261031095,
            0.5742516869886404,
            0.5309592179189193,
            0.48765905150685196
        ]
    },
    "rates": {
        "10": [
            7.787096707211244,
            11.069957997346275,
            14.826260718151175,
            18.395570592372678,
            22.624753007844788,
            24.47295163896105,
            29.212848086025822,
            31.067064984818032,
            38.259824132162194,
            37.789412770380444
        ],
        "15": [
            5.333707707066006,
            7.942958851228606,
            10.103485062511403,
            12.294646921488733,
            14.491085458519564,
            16.913886999528764,
            20.393392679434864,
            22.03729125336973,
            24.456322748089693,
            26.895226976735056
        ],
        "20": [
            3.917073328604132,
            6.017739316192276,
            7.394335067848201,
            9.454656800053227,
            11.258726908318382,
            12.971875869869232,
            14.626570055253625,
            16.996827244934472,
            18.182887252942788,
            20.704896265384743
        ],
        "25": [
            3.234307834674894,
            4.4318890486718425,
            6.534048920960617,
            7.6007847514373745,
            9.714291045230544,
            10.700571060993955,
            12.266048654252122,
            13.316844179567177,
            14.463327135908168,
            16.056510691367343
        ],
        "30": [
            2.7819816533420836,
            4.016553250155878,
            5.112983106392741,
            6.037299547266455,
            7.271049199106564,
            8.373607235556122,
            10.372144661401435,
            10.639812275920486,
            11.897405040206767,
            13.193644245719389
        ],
        "35": [
            2.1896890813513004,
            3.2354468958332547,
            4.336935980635322,
            5.430808796009088,
            6.53520078348388,
            7.252188907724754,
            8.180221522346866,
            10.007072458073083,
            10.761084644734083,
            11.274580385042972
        ],
        "40": [
            2.0258052670092845,
            3.1356911144653186,
            3.912456990504701,
            4.738100197809339,
            5.296965767725319,
            6.8194265816653505,
            7.632892742882698,
            8.907574836186654,
            9.468848174220977,
            9.926267574554627
        ],
        "45": [
            1.7675850683066325,
            2.586722754466387,
            3.5345000389232717,
            4.218417487122048,
            5.110956217951579,
            5.985627091876918,
            6.6913685823602895,
            7.353331294296884,
            8.0918054390214,
            9.284450799326253
        ],
        "5": [
            14.15833266978285,
            20.837302311286685,
            27.83418694192823,
            33.98456193345142,
            39.176333984476464,
            45.59742319846562,
            51.25806115602364,
            57.73199269303904,
            61.60494069703895,
            75.65319162779532
        ],
        "50": [
            1.6618413537820473,
            2.449822784827043,
            3.16557478255709,
            3.970090849642791,
            4.478643768763974,
            5.120023608650686,
            5.71526616988276,
            6.669365988449671,
            7.1999837402205085,
            8.6250833607673
        ]
    },
    "sem_fidelities": {
        "10": [
            0.0,
            0.0009341947043582785,
            0.0016058179348666121,
            0.0023177063168380624,
            0.0030945573420967155,
            0.003950573932437123,
            0.0048985836847508105,
            0.005952166366121556,
            0.007126563591805414,
            0.00843931436937525
        ],
        "15": [
            0.0,
            0.0009341947043582785,
            0.0016058179348666121,
            0.0023177063168380624,
            0.0030945573420967155,
            0.003950573932437123,
            0.0048985836847508105,
            0.005952166366121556,
            0.007126563591805414,
            0.00843931436937525
        ],
        "20": [
            0.0,
            0.0009341947043582785,
            0.0016058179348666121,
            0.0023177063168380624,
            0.0030945573420967155,
            0.003950573932437123,
            0.0048985836847508105,
            0.005952166366121556,
            0.007126563591805414,
            0.00843931436937525
        ],